{"cameraMode":{"drawMode":0,"name":"Shaded","section":"Shading Mode"},"sceneLighting":false,"audioPlay":false,"sceneViewState":{"showFog":true,"showMaterialUpdate":false,"showSkybox":false,"showFlares":true,"showImageEffects":true,"showParticleSystems":true},"in2DMode":false,"pivot":{"x":82.2222900390625,"y":1114.552001953125,"z":0.0},"rotation":{"x":0.0733642652630806,"y":-0.043368615210056308,"z":0.0031933810096234085,"w":0.9963535666465759},"size":223.7908935546875,"orthographic":true}