{"cameraMode":{"drawMode":0,"name":"Shaded","section":"Shading Mode"},"sceneLighting":false,"audioPlay":false,"sceneViewState":{"showFog":true,"showMaterialUpdate":false,"showSkybox":false,"showFlares":true,"showImageEffects":true,"showParticleSystems":true},"in2DMode":false,"pivot":{"x":-0.7684926986694336,"y":0.7499475479125977,"z":-0.2505302429199219},"rotation":{"x":-0.1015181615948677,"y":0.8969905972480774,"z":-0.33028605580329897,"w":-0.27570271492004397},"size":10.057267189025879,"orthographic":false}