{"cameraMode":{"drawMode":0,"name":"Shaded","section":"Shading Mode"},"sceneLighting":false,"audioPlay":false,"sceneViewState":{"showFog":true,"showMaterialUpdate":false,"showSkybox":false,"showFlares":true,"showImageEffects":true,"showParticleSystems":true},"in2DMode":false,"pivot":{"x":39.03248596191406,"y":-13.170705795288086,"z":21.674362182617189},"rotation":{"x":-0.2027062475681305,"y":0.6716231107711792,"z":-0.19894921779632569,"w":-0.6842349171638489},"size":1.9669044017791749,"orthographic":false}