{"cameraMode":{"drawMode":0,"name":"Shaded","section":"Shading Mode"},"sceneLighting":false,"audioPlay":false,"sceneViewState":{"showFog":true,"showMaterialUpdate":false,"showSkybox":false,"showFlares":true,"showImageEffects":true,"showParticleSystems":true},"in2DMode":false,"pivot":{"x":1136.762939453125,"y":642.5133056640625,"z":15.595458984375},"rotation":{"x":0.11075415462255478,"y":-0.016084877774119378,"z":0.0017625348409637809,"w":0.9936729073524475},"size":1404.762451171875,"orthographic":false}