{"cameraMode":{"drawMode":0,"name":"Shaded","section":"Shading Mode"},"sceneLighting":false,"audioPlay":false,"sceneViewState":{"showFog":true,"showMaterialUpdate":false,"showSkybox":false,"showFlares":true,"showImageEffects":true,"showParticleSystems":true},"in2DMode":false,"pivot":{"x":0.03369140625,"y":0.491943359375,"z":-0.2073764204978943},"rotation":{"x":0.18062299489974976,"y":0.6792351007461548,"z":-0.17814846336841584,"w":0.6886716485023499},"size":1.0257314443588257,"orthographic":true}