{"cameraMode":{"drawMode":0,"name":"Shaded","section":"Shading Mode"},"sceneLighting":false,"audioPlay":false,"sceneViewState":{"showFog":true,"showMaterialUpdate":false,"showSkybox":false,"showFlares":true,"showImageEffects":true,"showParticleSystems":true},"in2DMode":false,"pivot":{"x":-0.12478223443031311,"y":1.0309427976608277,"z":0.02139759063720703},"rotation":{"x":0.20425309240818025,"y":0.030828222632408143,"z":-0.0064200120978057388,"w":0.9783818125724793},"size":1.733452320098877,"orthographic":false}