{"cameraMode":{"drawMode":0,"name":"Shaded","section":"Shading Mode"},"sceneLighting":true,"audioPlay":false,"sceneViewState":{"showFog":true,"showMaterialUpdate":false,"showSkybox":false,"showFlares":true,"showImageEffects":true,"showParticleSystems":true},"in2DMode":false,"pivot":{"x":1267.768798828125,"y":355.6029357910156,"z":53.63671875},"rotation":{"x":-0.07570325583219528,"y":-0.05621182546019554,"z":0.004282353445887566,"w":-0.9955145716667175},"size":3351.733642578125,"orthographic":false}