{"cameraMode":{"drawMode":0,"name":"Shaded","section":"Shading Mode"},"sceneLighting":false,"audioPlay":false,"sceneViewState":{"showFog":true,"showMaterialUpdate":false,"showSkybox":false,"showFlares":true,"showImageEffects":true,"showParticleSystems":true},"in2DMode":false,"pivot":{"x":0.8708114624023438,"y":16.507450103759767,"z":28.682819366455079},"rotation":{"x":0.1760227233171463,"y":-0.023625481873750688,"z":0.004207103047519922,"w":0.9840595722198486},"size":22.0,"orthographic":false}