{"cameraMode":{"drawMode":0,"name":"Shaded","section":"Shading Mode"},"sceneLighting":false,"audioPlay":false,"sceneViewState":{"showFog":true,"showMaterialUpdate":false,"showSkybox":false,"showFlares":true,"showImageEffects":true,"showParticleSystems":true},"in2DMode":false,"pivot":{"x":80.3402099609375,"y":1114.2105712890625,"z":6.0},"rotation":{"x":0.19167263805866242,"y":-0.07882159948348999,"z":-0.015445392578840256,"w":-0.9781619310379028},"size":324.7563781738281,"orthographic":true}