{"cameraMode":{"drawMode":0,"name":"Shaded","section":"Shading Mode"},"sceneLighting":false,"audioPlay":false,"sceneViewState":{"showFog":true,"showMaterialUpdate":false,"showSkybox":false,"showFlares":true,"showImageEffects":true,"showParticleSystems":true},"in2DMode":false,"pivot":{"x":-0.0026840269565582277,"y":0.053028225898742679,"z":0.02336740493774414},"rotation":{"x":0.20425309240818025,"y":0.030828222632408143,"z":-0.0064200120978057388,"w":0.9783818125724793},"size":2.3334522247314455,"orthographic":false}