{"cameraMode":{"drawMode":0,"name":"Shaded","section":"Shading Mode"},"sceneLighting":false,"audioPlay":false,"sceneViewState":{"showFog":true,"showMaterialUpdate":false,"showSkybox":false,"showFlares":true,"showImageEffects":true,"showParticleSystems":true},"in2DMode":false,"pivot":{"x":0.083251953125,"y":-0.027099609375,"z":0.20967316627502442},"rotation":{"x":0.1931026428937912,"y":0.7110826969146729,"z":-0.2141323983669281,"w":0.6412394046783447},"size":1.1165125370025635,"orthographic":true}