{"cameraMode":{"drawMode":0,"name":"Shaded","section":"Shading Mode"},"sceneLighting":false,"audioPlay":false,"sceneViewState":{"showFog":true,"showMaterialUpdate":false,"showSkybox":false,"showFlares":true,"showImageEffects":true,"showParticleSystems":true},"in2DMode":false,"pivot":{"x":1142.53076171875,"y":566.5143432617188,"z":-33.55781936645508},"rotation":{"x":-0.005473790690302849,"y":0.9757946729660034,"z":-0.21718254685401917,"w":-0.024598758667707444},"size":41.04783630371094,"orthographic":false}