{"cameraMode":{"drawMode":0,"name":"Shaded","section":"Shading Mode"},"sceneLighting":false,"audioPlay":false,"sceneViewState":{"showFog":true,"showMaterialUpdate":false,"showSkybox":false,"showFlares":true,"showImageEffects":true,"showParticleSystems":true},"in2DMode":false,"pivot":{"x":1.96435546875,"y":-0.817138671875,"z":0.420166015625},"rotation":{"x":0.1844024360179901,"y":0.6830087900161743,"z":-0.18462339043617249,"w":0.6821889877319336},"size":4.4418864250183109,"orthographic":true}