{"cameraMode":{"drawMode":0,"name":"Shaded","section":"Shading Mode"},"sceneLighting":false,"audioPlay":false,"sceneViewState":{"showFog":true,"showMaterialUpdate":false,"showSkybox":false,"showFlares":true,"showImageEffects":true,"showParticleSystems":true},"in2DMode":false,"pivot":{"x":-0.8065047264099121,"y":0.3309592008590698,"z":5.139486312866211},"rotation":{"x":0.2226351797580719,"y":-0.20583036541938783,"z":0.048162274062633517,"w":0.9516745805740356},"size":1.657883882522583,"orthographic":false}