{"cameraMode":{"drawMode":0,"name":"Shaded","section":"Shading Mode"},"sceneLighting":false,"audioPlay":false,"sceneViewState":{"showFog":true,"showMaterialUpdate":false,"showSkybox":false,"showFlares":true,"showImageEffects":true,"showParticleSystems":true},"in2DMode":false,"pivot":{"x":1144.427734375,"y":521.3766479492188,"z":-0.06559886038303375},"rotation":{"x":0.10702428221702576,"y":0.7330836057662964,"z":-0.1186806708574295,"w":0.6610785126686096},"size":2.229368209838867,"orthographic":false}