{"cameraMode":{"drawMode":0,"name":"Shaded","section":"Shading Mode"},"sceneLighting":true,"audioPlay":false,"sceneViewState":{"showFog":true,"showMaterialUpdate":false,"showSkybox":true,"showFlares":true,"showImageEffects":true,"showParticleSystems":true},"in2DMode":false,"pivot":{"x":780.5953979492188,"y":414.16455078125,"z":1575.3880615234375},"rotation":{"x":-0.025796672329306604,"y":-0.027889780700206758,"z":0.0007199282408691943,"w":-0.9992788434028626},"size":2758.002197265625,"orthographic":false}