{
  "gizmos-infos": {
    "is2D": false,
    "is3DIcon": false,
    "iconSize": 2,
    "gridVisible": true,
    "gridColor": [
      150,
      150,
      150,
      255
    ],
    "isIconGizmo3D": false,
    "iconGizmoSize": 2,
    "isGridVisible": true
  },
  "camera": {
    "fov": 45,
    "far": 10000,
    "near": 0.01,
    "color": [
      48,
      48,
      48,
      255
    ],
    "wheelSpeed": 0.01,
    "wanderSpeed": 10,
    "enableAcceleration": true,
    "far2D": 10000,
    "near2D": 1,
    "wheelSpeed2D": 6
  },
  "camera-infos": {
    "f46876e4-e81b-4931-b493-6d367be385e7": {
      "position": {
        "x": 50,
        "y": 50,
        "z": 50
      },
      "rotation": {
        "x": -0.27984814233312133,
        "y": 0.3647051996310009,
        "z": 0.11591689595929514,
        "w": 0.8804762392171493
      },
      "viewCenter": {
        "x": 0,
        "y": 0,
        "z": 0
      }
    },
    "9cc1b3ad-cdfb-4f32-9060-bc75f1e61b22": {
      "position": {
        "x": 1466.4578834521212,
        "y": 1069.3006476175901,
        "z": 1206.2148285109672
      },
      "rotation": {
        "x": -0.09517743629465897,
        "y": 0.006540578904648399,
        "z": 0.0006253680224482902,
        "w": 0.995438639521488
      },
      "viewCenter": {
        "x": 1439.9884313452942,
        "y": 680.5509418335561,
        "z": -807.9476969479801
      }
    },
    "71cd62f0-b478-4981-9a18-99ae756a6d6a": {
      "position": {
        "x": 685.7762468126709,
        "y": 852.2804729116174,
        "z": 1078.2740050856314
      },
      "rotation": {
        "x": -0.11232276002461519,
        "y": -0.005868133557385168,
        "z": -0.000662330607943898,
        "w": 0.9936542266351893
      },
      "viewCenter": {
        "x": 695.5537696557166,
        "y": 662.7022553271103,
        "z": 250.50247588525895
      }
    },
    "b2ff2fc9-3cca-4e7b-9dff-35a968adcc99": {
      "position": {
        "x": 1076.2304641177693,
        "y": 436.47624949040625,
        "z": 1118.267023028379
      },
      "rotation": {
        "x": -0.0018330126099220375,
        "y": 0.01970845629298878,
        "z": 0.000036132927760902336,
        "w": 0.9998040885642199
      },
      "viewCenter": {
        "x": 1032.0295908534472,
        "y": 432.36367405696745,
        "z": -2.445861330750006
      }
    }
  },
  "camera-uuids": [
    "b2ff2fc9-3cca-4e7b-9dff-35a968adcc99"
  ],
  "float-window": {
    "position": {
      "cc": {
        "Camera": {
          "dock": false,
          "top": null,
          "bottom": 10,
          "left": null,
          "right": 10
        }
      }
    }
  }
}
