{
  "gizmos-infos": {
    "is2D": false,
    "is3DIcon": false,
    "iconSize": 2,
    "gridVisible": true,
    "gridColor": [
      150,
      150,
      150,
      255
    ],
    "isIconGizmo3D": false,
    "iconGizmoSize": 2,
    "isGridVisible": true
  },
  "camera": {
    "fov": 45,
    "far": 10000,
    "near": 0.01,
    "color": [
      48,
      48,
      48,
      255
    ],
    "wheelSpeed": 0.01,
    "wanderSpeed": 10,
    "enableAcceleration": true,
    "far2D": 10000,
    "near2D": 1,
    "wheelSpeed2D": 6
  },
  "camera-infos": {
    "f46876e4-e81b-4931-b493-6d367be385e7": {
      "position": {
        "x": 50,
        "y": 50,
        "z": 50
      },
      "rotation": {
        "x": -0.27984814233312133,
        "y": 0.3647051996310009,
        "z": 0.11591689595929514,
        "w": 0.8804762392171493
      },
      "viewCenter": {
        "x": 0,
        "y": 0,
        "z": 0
      }
    },
    "9cc1b3ad-cdfb-4f32-9060-bc75f1e61b22": {
      "position": {
        "x": 1062.8314707641043,
        "y": 1095.1770124529546,
        "z": 1724.8338331963978
      },
      "rotation": {
        "x": -0.20001620957950716,
        "y": 0.0015385171155002568,
        "z": 0.0003140754081117968,
        "w": 0.9797913299408043
      },
      "viewCenter": {
        "x": 1055.4757970077787,
        "y": 97.30915600581841,
        "z": -617.3590255836298
      }
    },
    "71cd62f0-b478-4981-9a18-99ae756a6d6a": {
      "position": {
        "x": 685.7762468126709,
        "y": 852.2804729116174,
        "z": 1078.2740050856314
      },
      "rotation": {
        "x": -0.11232276002461519,
        "y": -0.005868133557385168,
        "z": -0.000662330607943898,
        "w": 0.9936542266351893
      },
      "viewCenter": {
        "x": 695.5537696557166,
        "y": 662.7022553271103,
        "z": 250.50247588525895
      }
    },
    "b2ff2fc9-3cca-4e7b-9dff-35a968adcc99": {
      "position": {
        "x": 1103.6102307830922,
        "y": 439.02374114487486,
        "z": 1812.4808474720007
      },
      "rotation": {
        "x": -0.0018330126099220597,
        "y": 0.019708456292989215,
        "z": 0.00003613292776088852,
        "w": 0.9998040885642087
      },
      "viewCenter": {
        "x": 1032.0295908534463,
        "y": 432.3636740569674,
        "z": -2.4458613307501764
      }
    }
  },
  "camera-uuids": [
    "9cc1b3ad-cdfb-4f32-9060-bc75f1e61b22"
  ],
  "float-window": {
    "position": {
      "cc": {
        "Camera": {
          "dock": false,
          "top": null,
          "bottom": 10,
          "left": null,
          "right": 10
        }
      }
    }
  }
}
